{
  "num_pins": 9,
  "pin_diameter_mm": 10.0,
  "pin_length_mm": 30.0,
  "pin_bases_wrist_xyz_mm": [
    [
      -42.426407,
      0.0,
      50.0
    ],
    [
      -21.213203,
      21.213203,
      50.0
    ],
    [
      -0.0,
      42.426407,
      50.0
    ],
    [
      -21.213203,
      -21.213203,
      50.0
    ],
    [
      0.0,
      0.0,
      50.0
    ],
    [
      21.213203,
      21.213203,
      50.0
    ],
    [
      0.0,
      -42.426407,
      50.0
    ],
    [
      21.213203,
      -21.213203,
      50.0
    ],
    [
      42.426407,
      -0.0,
      50.0
    ]
  ]
}