{
  "plan": [
    {
      "id": 1,
      "A": [
        345.0,
        -55.0,
        270.1096372196341,
        -5.0,
        177.0,
        -5.0
      ],
      "B": [
        345.0,
        -55.0,
        -59.890362780365905,
        -5.0,
        177.0,
        -5.0
      ],
      "Pa": [
        [
          370.7720095432017,
          -85.00000000000001,
          350.0
        ],
        [
          340.8131235005645,
          -85.00000000000001,
          350.0
        ],
        [
          310.8542374579273,
          -85.00000000000001,
          350.0
        ],
        [
          370.7720095432017,
          -55.00000000000001,
          350.0
        ],
        [
          340.8131235005645,
          -55.00000000000001,
          350.0
        ],
        [
          310.8542374579273,
          -55.00000000000001,
          350.0
        ],
        [
          370.7720095432017,
          -25.00000000000001,
          350.0
        ],
        [
          340.8131235005645,
          -25.00000000000001,
          350.0
        ],
        [
          310.8542374579273,
          -25.00000000000001,
          350.0
        ]
      ],
      "Pb": [
        [
          370.7720095432017,
          -85.00000000000001,
          20.0
        ],
        [
          340.8131235005645,
          -85.00000000000001,
          20.0
        ],
        [
          310.8542374579273,
          -85.00000000000001,
          20.0
        ],
        [
          370.7720095432017,
          -55.00000000000001,
          20.0
        ],
        [
          340.8131235005645,
          -55.00000000000001,
          20.0
        ],
        [
          310.8542374579273,
          -55.00000000000001,
          20.0
        ],
        [
          370.7720095432017,
          -25.00000000000001,
          20.0
        ],
        [
          340.8131235005645,
          -25.00000000000001,
          20.0
        ],
        [
          310.8542374579273,
          -25.00000000000001,
          20.0
        ]
      ]
    },
    {
      "id": 2,
      "A": [
        345.0,
        55.0,
        270.1096372196341,
        -5.0,
        177.0,
        -5.0
      ],
      "B": [
        345.0,
        55.0,
        -59.890362780365905,
        -5.0,
        177.0,
        -5.0
      ],
      "Pa": [
        [
          370.7720095432017,
          24.99999999999999,
          350.0
        ],
        [
          340.8131235005645,
          24.99999999999999,
          350.0
        ],
        [
          310.8542374579273,
          24.99999999999999,
          350.0
        ],
        [
          370.7720095432017,
          54.99999999999999,
          350.0
        ],
        [
          340.8131235005645,
          54.99999999999999,
          350.0
        ],
        [
          310.8542374579273,
          54.99999999999999,
          350.0
        ],
        [
          370.7720095432017,
          84.99999999999999,
          350.0
        ],
        [
          340.8131235005645,
          84.99999999999999,
          350.0
        ],
        [
          310.8542374579273,
          84.99999999999999,
          350.0
        ]
      ],
      "Pb": [
        [
          370.7720095432017,
          24.99999999999999,
          20.0
        ],
        [
          340.8131235005645,
          24.99999999999999,
          20.0
        ],
        [
          310.8542374579273,
          24.99999999999999,
          20.0
        ],
        [
          370.7720095432017,
          54.99999999999999,
          20.0
        ],
        [
          340.8131235005645,
          54.99999999999999,
          20.0
        ],
        [
          310.8542374579273,
          54.99999999999999,
          20.0
        ],
        [
          370.7720095432017,
          84.99999999999999,
          20.0
        ],
        [
          340.8131235005645,
          84.99999999999999,
          20.0
        ],
        [
          310.8542374579273,
          84.99999999999999,
          20.0
        ]
      ]
    },
    {
      "id": 3,
      "A": [
        455.0,
        -55.0,
        270.1096372196341,
        -5.0,
        177.0,
        -5.0
      ],
      "B": [
        455.0,
        -55.0,
        -59.890362780365905,
        -5.0,
        177.0,
        -5.0
      ],
      "Pa": [
        [
          480.7720095432017,
          -85.00000000000001,
          350.0
        ],
        [
          450.8131235005645,
          -85.00000000000001,
          350.0
        ],
        [
          420.8542374579273,
          -85.00000000000001,
          350.0
        ],
        [
          480.7720095432017,
          -55.00000000000001,
          350.0
        ],
        [
          450.8131235005645,
          -55.00000000000001,
          350.0
        ],
        [
          420.8542374579273,
          -55.00000000000001,
          350.0
        ],
        [
          480.7720095432017,
          -25.00000000000001,
          350.0
        ],
        [
          450.8131235005645,
          -25.00000000000001,
          350.0
        ],
        [
          420.8542374579273,
          -25.00000000000001,
          350.0
        ]
      ],
      "Pb": [
        [
          480.7720095432017,
          -85.00000000000001,
          20.0
        ],
        [
          450.8131235005645,
          -85.00000000000001,
          20.0
        ],
        [
          420.8542374579273,
          -85.00000000000001,
          20.0
        ],
        [
          480.7720095432017,
          -55.00000000000001,
          20.0
        ],
        [
          450.8131235005645,
          -55.00000000000001,
          20.0
        ],
        [
          420.8542374579273,
          -55.00000000000001,
          20.0
        ],
        [
          480.7720095432017,
          -25.00000000000001,
          20.0
        ],
        [
          450.8131235005645,
          -25.00000000000001,
          20.0
        ],
        [
          420.8542374579273,
          -25.00000000000001,
          20.0
        ]
      ]
    },
    {
      "id": 4,
      "A": [
        455.0,
        55.0,
        270.1096372196341,
        -5.0,
        177.0,
        -5.0
      ],
      "B": [
        455.0,
        55.0,
        -59.890362780365905,
        -5.0,
        177.0,
        -5.0
      ],
      "Pa": [
        [
          480.7720095432017,
          24.99999999999999,
          350.0
        ],
        [
          450.8131235005645,
          24.99999999999999,
          350.0
        ],
        [
          420.8542374579273,
          24.99999999999999,
          350.0
        ],
        [
          480.7720095432017,
          54.99999999999999,
          350.0
        ],
        [
          450.8131235005645,
          54.99999999999999,
          350.0
        ],
        [
          420.8542374579273,
          54.99999999999999,
          350.0
        ],
        [
          480.7720095432017,
          84.99999999999999,
          350.0
        ],
        [
          450.8131235005645,
          84.99999999999999,
          350.0
        ],
        [
          420.8542374579273,
          84.99999999999999,
          350.0
        ]
      ],